HotelID,HotelName,CityID,AreaID,StarClass,NbRooms,Amenities,Daily,Reviews,PageUrl,Attractions_NearBy,Walkable_Grade
1201116,"Battery Wharf Hotel, Boston Waterfront",60745,60745,4.5,150,"Restaurant,Fitness Center with Gym / Workout Room,Bar/Lounge,Spa,Room service,Free Internet,Banquet Room,Business Center with Internet Access,Concierge,Conference Facilities,Dry Cleaning,Laundry Service,Meeting rooms,Multilingual Staff,Non-smoking hotel,Paid Wifi,Pets Allowed ( Dog / Pet Friendly ),Wheelchair access,Air conditioning,Non-smoking rooms,Suites",1,"1,959 reviews",https://www.tripadvisor.com/Hotel_Review-g60745-d1201116-Reviews-Battery_Wharf_Hotel_Boston_Waterfront-Boston_Massachusetts.html,17,93
89599,Omni Parker House,60745,60745,4.0,551,"Room service,Restaurant,Fitness Center with Gym / Workout Room,Bar/Lounge,Banquet Room,Business Center with Internet Access,Concierge,Conference Facilities,Dry Cleaning,Laundry Service,Meeting rooms,Multilingual Staff,Non-smoking hotel,Paid Internet,Paid Wifi,Pets Allowed ( Dog / Pet Friendly ),Wheelchair access,Air conditioning,Non-smoking rooms,Suites",1,"9,123 reviews",https://www.tripadvisor.com/Hotel_Review-g60745-d89599-Reviews-Omni_Parker_House-Boston_Massachusetts.html,76,100
94330,Seaport Hotel,60745,60745,4.0,428,"Pool,Restaurant,Room service,Fitness Center with Gym / Workout Room,Free High Speed Internet (WiFi),Bar/Lounge,Spa,Airport transportation,Banquet Room,Business Center with Internet Access,Concierge,Conference Facilities,Dry Cleaning,Electric vehicle charging station,Heated pool,Indoor pool,Laundry Service,Meeting rooms,Multilingual Staff,Non-smoking hotel,Pets Allowed ( Dog / Pet Friendly ),Wheelchair access,Air conditioning,Accessible rooms,Family Rooms,Non-smoking rooms,Suites",1,"5,607 reviews",https://www.tripadvisor.com/Hotel_Review-g60745-d94330-Reviews-Seaport_Hotel-Boston_Massachusetts.html,7,100
89620,Hyatt Regency Boston Harbor,60745,60745,4.0,270,"Restaurant,Fitness Center with Gym / Workout Room,Free High Speed Internet (WiFi),Bar/Lounge,Room service,Airport transportation,Banquet Room,Business Center with Internet Access,Concierge,Conference Facilities,Dry Cleaning,Laundry Service,Meeting rooms,Multilingual Staff,Non-smoking hotel,Pets Allowed ( Dog / Pet Friendly ),Public Wifi,Shuttle Bus Service,Wheelchair access,Air conditioning,Family Rooms,Non-smoking rooms,Suites",1,"3,098 reviews",https://www.tripadvisor.com/Hotel_Review-g60745-d89620-Reviews-Hyatt_Regency_Boston_Harbor-Boston_Massachusetts.html,7,60
114150,Bostonian Boston,60745,60745,4.0,204,"Restaurant,Fitness Center with Gym / Workout Room,Bar/Lounge,Room service,Free High Speed Internet (WiFi),Banquet Room,Business Center with Internet Access,Concierge,Conference Facilities,Dry Cleaning,Laundry Service,Meeting rooms,Multilingual Staff,Non-smoking hotel,Paid Internet,Paid Wifi,Wheelchair access,Air conditioning,Non-smoking rooms,Suites",1,"2,095 reviews",https://www.tripadvisor.com/Hotel_Review-g60745-d114150-Reviews-Bostonian_Boston-Boston_Massachusetts.html,83,100
595373,The Westin Boston Waterfront,60745,60745,4.0,793,"Pool,Room service,Restaurant,Fitness Center with Gym / Workout Room,Bar/Lounge,Spa,Babysitting,Banquet Room,Breakfast Available,Business Center with Internet Access,Concierge,Conference Facilities,Dry Cleaning,Electric vehicle charging station,Heated pool,Hot Tub,Indoor pool,Laundry Service,Meeting rooms,Multilingual Staff,Non-smoking hotel,Paid Internet,Paid Wifi,Pets Allowed ( Dog / Pet Friendly ),Public Wifi,Wheelchair access,Air conditioning,Accessible rooms,Family Rooms,Non-smoking rooms,Suites",1,"3,072 reviews",https://www.tripadvisor.com/Hotel_Review-g60745-d595373-Reviews-The_Westin_Boston_Waterfront-Boston_Massachusetts.html,6,95
8142646,Hilton Garden Inn Boston Logan Airport,60745,60745,3.0,NA,"Pool,Room service,Free parking,Restaurant,Bar/Lounge,Fitness Center with Gym / Workout Room,Free High Speed Internet (WiFi),Airport transportation,Business Center with Internet Access,Dry Cleaning,Electric vehicle charging station,Heated pool,Indoor pool,Laundry Service,Meeting rooms,Non-smoking hotel,Paid Wifi,Public Wifi,Self-Serve Laundry,Shuttle Bus Service,Wheelchair access,Air conditioning,Microwave,Refrigerator in room,Accessible rooms,Family Rooms,Non-smoking rooms,Suites",1,"1,277 reviews",https://www.tripadvisor.com/Hotel_Review-g60745-d8142646-Reviews-Hilton_Garden_Inn_Boston_Logan_Airport-Boston_Massachusetts.html,4,53
1201116,"Battery Wharf Hotel, Boston Waterfront",60745,60745,4.5,150,"Restaurant,Fitness Center with Gym / Workout Room,Bar/Lounge,Spa,Room service,Free Internet,Banquet Room,Business Center with Internet Access,Concierge,Conference Facilities,Dry Cleaning,Laundry Service,Meeting rooms,Multilingual Staff,Non-smoking hotel,Paid Wifi,Pets Allowed ( Dog / Pet Friendly ),Wheelchair access,Air conditioning,Non-smoking rooms,Suites",1,"1,959 reviews",https://www.tripadvisor.com/Hotel_Review-g60745-d1201116-Reviews-Battery_Wharf_Hotel_Boston_Waterfront-Boston_Massachusetts.html,17,93
6485213,The Verb Hotel,60745,60745,NA,NA,NA,1,NA,https://www.tripadvisor.com/Hotel_Review-g60745-d6485213-Reviews-The_Verb_Hotel-Boston_Massachusetts.html,NA,NA
111417,Boston Marriott Long Wharf,60745,60745,4.0,412,"Pool,Restaurant,Fitness Center with Gym / Workout Room,Room service,Bar/Lounge,Free High Speed Internet (WiFi),Banquet Room,Breakfast Available,Business Center with Internet Access,Concierge,Conference Facilities,Dry Cleaning,Heated pool,Indoor pool,Laundry Service,Meeting rooms,Multilingual Staff,Non-smoking hotel,Paid Internet,Paid Wifi,Public Wifi,Wheelchair access,Air conditioning,Accessible rooms,Non-smoking rooms,Suites",1,"2,417 reviews",https://www.tripadvisor.com/Hotel_Review-g60745-d111417-Reviews-Boston_Marriott_Long_Wharf-Boston_Massachusetts.html,46,100
13403186,Courtyard Boston Downtown/North Station,60745,60745,3.0,220,"Restaurant,Bar/Lounge,Free High Speed Internet (WiFi),Fitness Center with Gym / Workout Room,Room service,Banquet Room,Breakfast Available,Business Center with Internet Access,Conference Facilities,Dry Cleaning,Laundry Service,Meeting rooms,Multilingual Staff,Non-smoking hotel,Public Wifi,Self-Serve Laundry,Wheelchair access,Air conditioning,Microwave,Refrigerator in room,Accessible rooms,Family Rooms,Non-smoking rooms,Suites",1,217 reviews,https://www.tripadvisor.com/Hotel_Review-g60745-d13403186-Reviews-Courtyard_Boston_Downtown_North_Station-Boston_Massachusetts.html,25,100
94399,Club Quarters Hotel in Boston,60745,60745,4.0,178,"Free High Speed Internet (WiFi),Room service,Restaurant,Fitness Center with Gym / Workout Room,Bar/Lounge,Business Center with Internet Access,Concierge,Dry Cleaning,Laundry Service,Meeting rooms,Multilingual Staff,Non-smoking hotel,Public Wifi,Wheelchair access,Air conditioning,Accessible rooms,Family Rooms,Non-smoking rooms,Suites",1,"2,498 reviews",https://www.tripadvisor.com/Hotel_Review-g60745-d94399-Reviews-Club_Quarters_Hotel_in_Boston-Boston_Massachusetts.html,83,100
94326,Hilton Boston Downtown / Faneuil Hall,60745,60745,4.0,403,"Restaurant,Fitness Center with Gym / Workout Room,Room service,Bar/Lounge,Free Internet,Banquet Room,Business Center with Internet Access,Concierge,Conference Facilities,Dry Cleaning,Laundry Service,Meeting rooms,Multilingual Staff,Non-smoking hotel,Paid Internet,Paid Wifi,Pets Allowed ( Dog / Pet Friendly ),Public Wifi,Wheelchair access,Air conditioning,Refrigerator in room,Non-smoking rooms,Suites",1,"2,438 reviews",https://www.tripadvisor.com/Hotel_Review-g60745-d94326-Reviews-Hilton_Boston_Downtown_Faneuil_Hall-Boston_Massachusetts.html,58,100
4325990,Residence Inn by Marriott Boston Back Bay/Fenway,60745,60745,3.0,175,"Pool,Free High Speed Internet (WiFi),Fitness Center with Gym / Workout Room,Bar/Lounge,Breakfast included,Business Center with Internet Access,Concierge,Conference Facilities,Dry Cleaning,Heated pool,Indoor pool,Laundry Service,Meeting rooms,Multilingual Staff,Non-smoking hotel,Pets Allowed ( Dog / Pet Friendly ),Self-Serve Laundry,Wheelchair access,Air conditioning,Microwave,Family Rooms,Kitchenette,Non-smoking rooms,Suites",1,"1,993 reviews",https://www.tripadvisor.com/Hotel_Review-g60745-d4325990-Reviews-Residence_Inn_by_Marriott_Boston_Back_Bay_Fenway-Boston_Massachusetts.html,14,100
678412,Renaissance Boston Waterfront Hotel,60745,60745,4.0,471,"Pool,Restaurant,Fitness Center with Gym / Workout Room,Room service,Bar/Lounge,Breakfast Available,Business Center with Internet Access,Concierge,Conference Facilities,Dry Cleaning,Heated pool,Hot Tub,Indoor pool,Laundry Service,Meeting rooms,Multilingual Staff,Non-smoking hotel,Paid Internet,Paid Wifi,Public Wifi,Sauna,Wheelchair access,Air conditioning,Non-smoking rooms,Suites",1,"1,565 reviews",https://www.tripadvisor.com/Hotel_Review-g60745-d678412-Reviews-Renaissance_Boston_Waterfront_Hotel-Boston_Massachusetts.html,6,100
111423,Eliot Hotel,60745,60745,4.0,95,"Room service,Restaurant,Free High Speed Internet (WiFi),Bar/Lounge,Breakfast Available,Business Center with Internet Access,Concierge,Dry Cleaning,Laundry Service,Meeting rooms,Multilingual Staff,Non-smoking hotel,Pets Allowed ( Dog / Pet Friendly ),Public Wifi,Wheelchair access,Air conditioning,Minibar,Accessible rooms,Non-smoking rooms,Suites",1,"1,631 reviews",https://www.tripadvisor.com/Hotel_Review-g60745-d111423-Reviews-Eliot_Hotel-Boston_Massachusetts.html,27,100
8145467,Element Boston Seaport District,60745,60745,3.0,NA,"Pool,Room service,Free High Speed Internet (WiFi),Breakfast included,Fitness Center with Gym / Workout Room,Banquet Room,Breakfast Available,Business Center with Internet Access,Dry Cleaning,Indoor pool,Laundry Service,Meeting rooms,Non-smoking hotel,Pets Allowed ( Dog / Pet Friendly ),Public Wifi,Wheelchair access,Air conditioning,Refrigerator in room,Family Rooms,Kitchenette,Non-smoking rooms,Suites",1,274 reviews,https://www.tripadvisor.com/Hotel_Review-g60745-d8145467-Reviews-Element_Boston_Seaport_District-Boston_Massachusetts.html,26,84
268207,Residence Inn by Marriott Boston Harbor on Tudor Wharf,60745,60745,NA,NA,NA,1,NA,https://www.tripadvisor.com/Hotel_Review-g60745-d268207-Reviews-Residence_Inn_by_Marriott_Boston_Harbor_on_Tudor_Wharf-Boston_Massachusetts.html,NA,NA
3952875,Bricco Suites,60745,60745,3.5,25,"Free High Speed Internet (WiFi),Restaurant,Bar/Lounge,Multilingual Staff,Non-smoking hotel,Air conditioning,Family Rooms,Non-smoking rooms",1,254 reviews,https://www.tripadvisor.com/Hotel_Review-g60745-d3952875-Reviews-Bricco_Suites-Boston_Massachusetts.html,67,100
12882338,AC Hotel by Marriott Boston Downtown,60745,60745,3.5,NA,"Bar/Lounge,Free High Speed Internet (WiFi),Fitness Center with Gym / Workout Room,Restaurant,Business Center with Internet Access,Dry Cleaning,Laundry Service,Meeting rooms,Multilingual Staff,Non-smoking hotel,Wheelchair access,Air conditioning,Non-smoking rooms,Suites",1,203 reviews,https://www.tripadvisor.com/Hotel_Review-g60745-d12882338-Reviews-AC_Hotel_by_Marriott_Boston_Downtown-Boston_Massachusetts.html,15,98
1513541,"Ames Boston Hotel, Curio Collection by Hilton",60745,60745,4.0,115,"Fitness Center with Gym / Workout Room,Free High Speed Internet (WiFi),Breakfast Available,Concierge,Dry Cleaning,Laundry Service,Meeting rooms,Multilingual Staff,Non-smoking hotel,Wheelchair access,Air conditioning,Minibar,Accessible rooms,Family Rooms,Non-smoking rooms,Suites",1,"1,836 reviews",https://www.tripadvisor.com/Hotel_Review-g60745-d1513541-Reviews-Ames_Boston_Hotel_Curio_Collection_by_Hilton-Boston_Massachusetts.html,88,100
1159285,The Inn At St Botolph,60745,60745,3.5,16,"Fitness Center with Gym / Workout Room,Free High Speed Internet (WiFi),Breakfast included,Business Center with Internet Access,Dry Cleaning,Laundry Service,Multilingual Staff,Non-smoking hotel,Self-Serve Laundry,Wheelchair access,Air conditioning,Microwave,Refrigerator in room,Accessible rooms,Family Rooms,Kitchenette,Non-smoking rooms,Suites",1,612 reviews,https://www.tripadvisor.com/Hotel_Review-g60745-d1159285-Reviews-The_Inn_At_St_Botolph-Boston_Massachusetts.html,27,100
222955,"The Ritz-Carlton, Boston",60745,60745,5.0,193,"Restaurant,Fitness Center with Gym / Workout Room,Room service,Free Internet,Bar/Lounge,Spa,Babysitting,Banquet Room,Breakfast Available,Business Center with Internet Access,Concierge,Conference Facilities,Dry Cleaning,Laundry Service,Meeting rooms,Multilingual Staff,Non-smoking hotel,Paid Internet,Paid Wifi,Pets Allowed ( Dog / Pet Friendly ),Public Wifi,Wheelchair access,Air conditioning,Minibar,Accessible rooms,Family Rooms,Non-smoking rooms,Suites",1,963 reviews,https://www.tripadvisor.com/Hotel_Review-g60745-d222955-Reviews-The_Ritz_Carlton_Boston-Boston_Massachusetts.html,53,100
4232689,Residence Inn Boston Downtown/Seaport,60745,60745,3.0,120,"Free High Speed Internet (WiFi),Fitness Center with Gym / Workout Room,Bar/Lounge,Breakfast included,Business Center with Internet Access,Conference Facilities,Dry Cleaning,Laundry Service,Meeting rooms,Multilingual Staff,Non-smoking hotel,Pets Allowed ( Dog / Pet Friendly ),Public Wifi,Self-Serve Laundry,Wheelchair access,Air conditioning,Microwave,Refrigerator in room,Family Rooms,Kitchenette,Non-smoking rooms,Suites",1,558 reviews,https://www.tripadvisor.com/Hotel_Review-g60745-d4232689-Reviews-Residence_Inn_Boston_Downtown_Seaport-Boston_Massachusetts.html,13,100
94372,Boston Hotel Buckminster,60745,60745,3.0,132,"Free High Speed Internet (WiFi),Restaurant,Fitness Center with Gym / Workout Room,Breakfast Available,Business Center with Internet Access,Laundry Service,Multilingual Staff,Non-smoking hotel,Public Wifi,Self-Serve Laundry,Wheelchair access,Air conditioning,Microwave,Refrigerator in room,Non-smoking rooms,Suites",1,"1,841 reviews",https://www.tripadvisor.com/Hotel_Review-g60745-d94372-Reviews-Boston_Hotel_Buckminster-Boston_Massachusetts.html,21,100
234752,Kimpton Nine Zero Hotel,60745,60745,4.5,190,"Room service,Restaurant,Fitness Center with Gym / Workout Room,Bar/Lounge,Free High Speed Internet (WiFi),Breakfast Available,Concierge,Conference Facilities,Dry Cleaning,Laundry Service,Meeting rooms,Multilingual Staff,Non-smoking hotel,Pets Allowed ( Dog / Pet Friendly ),Wheelchair access,Air conditioning,Minibar,Non-smoking rooms,Suites",1,"3,056 reviews",https://www.tripadvisor.com/Hotel_Review-g60745-d234752-Reviews-Kimpton_Nine_Zero_Hotel-Boston_Massachusetts.html,75,100
217000,Studio Allston Hotel,60745,60745,3.5,117,"Restaurant,Free High Speed Internet (WiFi),Free parking,Fitness Center with Gym / Workout Room,Banquet Room,Breakfast Available,Conference Facilities,Dry Cleaning,Meeting rooms,Multilingual Staff,Non-smoking hotel,Pets Allowed ( Dog / Pet Friendly ),Public Wifi,Wheelchair access,Air conditioning,Accessible rooms,Non-smoking rooms,Suites",1,276 reviews,https://www.tripadvisor.com/Hotel_Review-g60745-d217000-Reviews-Studio_Allston_Hotel-Boston_Massachusetts.html,7,52
1486034,W Boston,60745,60745,4.0,238,"Restaurant,Fitness Center with Gym / Workout Room,Room service,Bar/Lounge,Spa,Banquet Room,Breakfast Available,Business Center with Internet Access,Concierge,Conference Facilities,Dry Cleaning,Laundry Service,Meeting rooms,Multilingual Staff,Non-smoking hotel,Paid Internet,Paid Wifi,Pets Allowed ( Dog / Pet Friendly ),Wheelchair access,Air conditioning,Minibar,Non-smoking rooms,Suites",1,"1,997 reviews",https://www.tripadvisor.com/Hotel_Review-g60745-d1486034-Reviews-W_Boston-Boston_Massachusetts.html,42,100
3225572,enVision Hotel Boston - Longwood,60745,60745,2.5,39,"Free High Speed Internet (WiFi),Fitness Center with Gym / Workout Room,Dry Cleaning,Laundry Service,Multilingual Staff,Non-smoking hotel,Pets Allowed ( Dog / Pet Friendly ),Wheelchair access,Air conditioning,Microwave,Refrigerator in room,Accessible rooms,Non-smoking rooms,Suites",1,684 reviews,https://www.tripadvisor.com/Hotel_Review-g60745-d3225572-Reviews-EnVision_Hotel_Boston_Longwood-Boston_Massachusetts.html,11,81
499916,The Boxer Boston,60745,60745,4.0,80,"Room service,Restaurant,Free High Speed Internet (WiFi),Fitness Center with Gym / Workout Room,Bar/Lounge,Concierge,Dry Cleaning,Laundry Service,Multilingual Staff,Non-smoking hotel,Pets Allowed ( Dog / Pet Friendly ),Wheelchair access,Air conditioning,Minibar,Refrigerator in room,Non-smoking rooms,Suites",1,"1,310 reviews",https://www.tripadvisor.com/Hotel_Review-g60745-d499916-Reviews-The_Boxer_Boston-Boston_Massachusetts.html,14,100
111418,Boston Park Plaza,60745,60745,4.0,1060,"Room service,Restaurant,Fitness Center with Gym / Workout Room,Bar/Lounge,Banquet Room,Breakfast Available,Business Center with Internet Access,Concierge,Conference Facilities,Dry Cleaning,Laundry Service,Meeting rooms,Multilingual Staff,Non-smoking hotel,Paid Wifi,Pets Allowed ( Dog / Pet Friendly ),Public Wifi,Wheelchair access,Air conditioning,Accessible rooms,Non-smoking rooms,Suites",1,"3,485 reviews",https://www.tripadvisor.com/Hotel_Review-g60745-d111418-Reviews-Boston_Park_Plaza-Boston_Massachusetts.html,54,100
1201116,"Battery Wharf Hotel, Boston Waterfront",60745,60745,4.5,150,"Restaurant,Fitness Center with Gym / Workout Room,Bar/Lounge,Spa,Room service,Free Internet,Banquet Room,Business Center with Internet Access,Concierge,Conference Facilities,Dry Cleaning,Laundry Service,Meeting rooms,Multilingual Staff,Non-smoking hotel,Paid Wifi,Pets Allowed ( Dog / Pet Friendly ),Wheelchair access,Air conditioning,Non-smoking rooms,Suites",1,"1,959 reviews",https://www.tripadvisor.com/Hotel_Review-g60745-d1201116-Reviews-Battery_Wharf_Hotel_Boston_Waterfront-Boston_Massachusetts.html,17,93
94372,Boston Hotel Buckminster,60745,60745,3.0,132,"Free High Speed Internet (WiFi),Restaurant,Fitness Center with Gym / Workout Room,Breakfast Available,Business Center with Internet Access,Laundry Service,Multilingual Staff,Non-smoking hotel,Public Wifi,Self-Serve Laundry,Wheelchair access,Air conditioning,Microwave,Refrigerator in room,Non-smoking rooms,Suites",1,"1,841 reviews",https://www.tripadvisor.com/Hotel_Review-g60745-d94372-Reviews-Boston_Hotel_Buckminster-Boston_Massachusetts.html,21,100
111413,The Revolution Hotel,60745,60745,NA,NA,NA,1,NA,https://www.tripadvisor.com/Hotel_Review-g60745-d111413-Reviews-The_Revolution_Hotel-Boston_Massachusetts.html,NA,NA
120988,Hilton Boston Logan Airport,60745,60745,4.0,599,"Room service,Restaurant,Fitness Center with Gym / Workout Room,Bar/Lounge,Free Internet,Airport transportation,Banquet Room,Business Center with Internet Access,Concierge,Conference Facilities,Dry Cleaning,Heated pool,Indoor pool,Laundry Service,Meeting rooms,Multilingual Staff,Non-smoking hotel,Paid Internet,Paid Wifi,Public Wifi,Shuttle Bus Service,Wheelchair access,Air conditioning,Accessible rooms,Non-smoking rooms,Suites",1,"4,007 reviews",https://www.tripadvisor.com/Hotel_Review-g60745-d120988-Reviews-Hilton_Boston_Logan_Airport-Boston_Massachusetts.html,5,58
217546,Wyndham Boston Beacon Hill,60745,60745,3.5,304,"Pool,Room service,Restaurant,Fitness Center with Gym / Workout Room,Free High Speed Internet (WiFi),Bar/Lounge,Banquet Room,Business Center with Internet Access,Concierge,Conference Facilities,Dry Cleaning,Laundry Service,Meeting rooms,Multilingual Staff,Non-smoking hotel,Outdoor pool,Self-Serve Laundry,Wheelchair access,Non-smoking rooms,Suites",1,"2,554 reviews",https://www.tripadvisor.com/Hotel_Review-g60745-d217546-Reviews-Wyndham_Boston_Beacon_Hill-Boston_Massachusetts.html,16,100
222958,Comfort Inn - Boston,60745,60745,3.0,132,"Free parking,Pool,Restaurant,Free High Speed Internet (WiFi),Breakfast included,Fitness Center with Gym / Workout Room,Airport transportation,Breakfast Available,Business Center with Internet Access,Dry Cleaning,Laundry Service,Meeting rooms,Multilingual Staff,Non-smoking hotel,Pets Allowed ( Dog / Pet Friendly ),Self-Serve Laundry,Shuttle Bus Service,Wheelchair access,Accessible rooms,Family Rooms,Non-smoking rooms",1,344 reviews,https://www.tripadvisor.com/Hotel_Review-g60745-d222958-Reviews-Comfort_Inn_Boston-Boston_Massachusetts.html,2,40
94363,Courtyard by Marriott Boston Logan Airport,60745,60745,3.0,351,"Restaurant,Pool,Free High Speed Internet (WiFi),Fitness Center with Gym / Workout Room,Bar/Lounge,Airport transportation,Banquet Room,Breakfast Available,Conference Facilities,Dry Cleaning,Indoor pool,Laundry Service,Meeting rooms,Multilingual Staff,Non-smoking hotel,Public Wifi,Self-Serve Laundry,Shuttle Bus Service,Wheelchair access,Family Rooms,Non-smoking rooms,Suites",1,873 reviews,https://www.tripadvisor.com/Hotel_Review-g60745-d94363-Reviews-Courtyard_by_Marriott_Boston_Logan_Airport-Boston_Massachusetts.html,4,45
121009,Holiday Inn Express Boston,60745,60745,2.5,118,"Free High Speed Internet (WiFi),Free parking,Fitness Center with Gym / Workout Room,Breakfast included,Airport transportation,Breakfast Available,Business Center with Internet Access,Dry Cleaning,Laundry Service,Meeting rooms,Multilingual Staff,Non-smoking hotel,Self-Serve Laundry,Wheelchair access,Air conditioning,Microwave,Family Rooms,Non-smoking rooms",1,922 reviews,https://www.tripadvisor.com/Hotel_Review-g60745-d121009-Reviews-Holiday_Inn_Express_Boston-Boston_Massachusetts.html,10,66
94368,DoubleTree by Hilton Hotel Boston Bayside,60745,60745,3.0,197,"Fitness Center with Gym / Workout Room,Restaurant,Bar/Lounge,Free Internet,Airport transportation,Business Center with Internet Access,Conference Facilities,Dry Cleaning,Electric vehicle charging station,Laundry Service,Meeting rooms,Multilingual Staff,Non-smoking hotel,Paid Internet,Paid Wifi,Public Wifi,Shuttle Bus Service,Wheelchair access,Air conditioning,Family Rooms,Non-smoking rooms,Suites",1,"2,003 reviews",https://www.tripadvisor.com/Hotel_Review-g60745-d94368-Reviews-DoubleTree_by_Hilton_Hotel_Boston_Bayside-Boston_Massachusetts.html,5,63
320038,Hampton Inn & Suites Boston Crosstown Center,60745,60745,3.0,175,"Pool,Fitness Center with Gym / Workout Room,Free High Speed Internet (WiFi),Breakfast included,Airport transportation,Banquet Room,Business Center with Internet Access,Conference Facilities,Dry Cleaning,Heated pool,Indoor pool,Laundry Service,Meeting rooms,Multilingual Staff,Non-smoking hotel,Shuttle Bus Service,Wheelchair access,Non-smoking rooms,Suites",1,"1,422 reviews",https://www.tripadvisor.com/Hotel_Review-g60745-d320038-Reviews-Hampton_Inn_Suites_Boston_Crosstown_Center-Boston_Massachusetts.html,20,73
89619,Courtyard by Marriott Boston Downtown,60745,60745,3.5,315,"Fitness Center with Gym / Workout Room,Restaurant,Bar/Lounge,Banquet Room,Breakfast Available,Concierge,Conference Facilities,Dry Cleaning,Laundry Service,Meeting rooms,Multilingual Staff,Non-smoking hotel,Public Wifi,Wheelchair access,Air conditioning,Accessible rooms,Non-smoking rooms,Suites",1,445 reviews,https://www.tripadvisor.com/Hotel_Review-g60745-d89619-Reviews-Courtyard_by_Marriott_Boston_Downtown-Boston_Massachusetts.html,37,100
13351021,AC Hotel by Marriott Boston Cleveland Circle,60745,60745,3.5,NA,"Restaurant,Bar/Lounge,Free High Speed Internet (WiFi),Fitness Center with Gym / Workout Room,Breakfast Available,Business Center with Internet Access,Conference Facilities,Dry Cleaning,Laundry Service,Meeting rooms,Multilingual Staff,Non-smoking hotel,Public Wifi,Self-Serve Laundry,Wheelchair access,Air conditioning,Non-smoking rooms",1,80 reviews,https://www.tripadvisor.com/Hotel_Review-g60745-d13351021-Reviews-AC_Hotel_by_Marriott_Boston_Cleveland_Circle-Boston_Massachusetts.html,5,74
813646,The Boston Christopher,60745,60745,2.0,9,"Free High Speed Internet (WiFi),Concierge,Laundry Service,Non-smoking hotel,Self-Serve Laundry,Microwave,Refrigerator in room,Kitchenette,Non-smoking rooms",1,99 reviews,https://www.tripadvisor.com/Hotel_Review-g60745-d813646-Reviews-The_Boston_Christopher-Boston_Massachusetts.html,14,100
555224,Courtyard Boston-South Boston,60745,60745,3.0,164,"Pool,Free parking,Fitness Center with Gym / Workout Room,Free High Speed Internet (WiFi),Restaurant,Bar/Lounge,Airport transportation,Business Center with Internet Access,Conference Facilities,Dry Cleaning,Heated pool,Hot Tub,Indoor pool,Laundry Service,Meeting rooms,Multilingual Staff,Non-smoking hotel,Self-Serve Laundry,Wheelchair access,Family Rooms,Non-smoking rooms",1,597 reviews,https://www.tripadvisor.com/Hotel_Review-g60745-d555224-Reviews-Courtyard_Boston_South_Boston-Boston_Massachusetts.html,10,65
14994379,Garrison Street Apartment by Stay Alfred,60745,60745,NA,NA,NA,1,NA,https://www.tripadvisor.com/Hotel_Review-g60745-d14994379-Reviews-Garrison_Street_Apartment_by_Stay_Alfred-Boston_Massachusetts.html,NA,NA
216999,Charles River Inn,60745,60745,2.5,55,"Free parking,Free High Speed Internet (WiFi),Breakfast included,Breakfast Available,Non-smoking hotel,Public Wifi,Wheelchair access,Air conditioning,Microwave,Refrigerator in room,Non-smoking rooms",1,77 reviews,https://www.tripadvisor.com/Hotel_Review-g60745-d216999-Reviews-Charles_River_Inn-Boston_Massachusetts.html,9,51
15405636,Natalie House,60745,60745,NA,7,NA,1,1 review,https://www.tripadvisor.com/Hotel_Review-g60745-d15405636-Reviews-Natalie_House-Boston_Massachusetts.html,NA,NA
15323995,Friendly Home,60745,60745,NA,NA,NA,1,NA,https://www.tripadvisor.com/Hotel_Review-g60745-d15323995-Reviews-Friendly_Home-Boston_Massachusetts.html,NA,NA
15647326,The Ledder House 5,60745,60745,NA,NA,NA,1,NA,https://www.tripadvisor.com/Hotel_Review-g60745-d15647326-Reviews-The_Ledder_House_5-Boston_Massachusetts.html,NA,NA
111416,Boston Marriott Copley Place,60745,60745,NA,NA,NA,1,NA,https://www.tripadvisor.com/Hotel_Review-g60745-d111416-Reviews-Boston_Marriott_Copley_Place-Boston_Massachusetts.html,NA,NA
89602,Sheraton Boston Hotel,60745,60745,4.0,1220,"Pool,Fitness Center with Gym / Workout Room,Room service,Restaurant,Bar/Lounge,Spa,Banquet Room,Breakfast Available,Concierge,Conference Facilities,Dry Cleaning,Heated pool,Indoor pool,Laundry Service,Meeting rooms,Multilingual Staff,Non-smoking hotel,Paid Internet,Paid Wifi,Pets Allowed ( Dog / Pet Friendly ),Wheelchair access,Air conditioning,Refrigerator in room,Accessible rooms,Non-smoking rooms,Suites",1,"2,999 reviews",https://www.tripadvisor.com/Hotel_Review-g60745-d89602-Reviews-Sheraton_Boston_Hotel-Boston_Massachusetts.html,46,100
647006,"The Liberty, a Luxury Collection Hotel, Boston",60745,60745,5.0,298,"Room service,Restaurant,Fitness Center with Gym / Workout Room,Free High Speed Internet (WiFi),Bar/Lounge,Banquet Room,Breakfast Available,Business Center with Internet Access,Concierge,Conference Facilities,Dry Cleaning,Laundry Service,Meeting rooms,Multilingual Staff,Non-smoking hotel,Paid Internet,Pets Allowed ( Dog / Pet Friendly ),Public Wifi,Wheelchair access,Air conditioning,Minibar,Refrigerator in room,Accessible rooms,Non-smoking rooms,Suites",1,910 reviews,https://www.tripadvisor.com/Hotel_Review-g60745-d647006-Reviews-The_Liberty_a_Luxury_Collection_Hotel_Boston-Boston_Massachusetts.html,13,100
217148,Ramada by Wyndham Boston,60745,60745,2.5,174,"Pool,Free parking,Free High Speed Internet (WiFi),Breakfast included,Spa,Airport transportation,Breakfast Available,Laundry Service,Multilingual Staff,Non-smoking hotel,Outdoor pool,Self-Serve Laundry,Shuttle Bus Service,Wheelchair access,Air conditioning,Non-smoking rooms",1,680 reviews,https://www.tripadvisor.com/Hotel_Review-g60745-d217148-Reviews-Ramada_by_Wyndham_Boston-Boston_Massachusetts.html,2,38
111441,Hyatt Regency Boston,60745,60745,4.0,502,"Pool,Restaurant,Fitness Center with Gym / Workout Room,Free High Speed Internet (WiFi),Bar/Lounge,Room service,Airport transportation,Banquet Room,Breakfast Available,Business Center with Internet Access,Concierge,Conference Facilities,Dry Cleaning,Heated pool,Indoor pool,Laundry Service,Meeting rooms,Multilingual Staff,Non-smoking hotel,Pets Allowed ( Dog / Pet Friendly ),Public Wifi,Wheelchair access,Air conditioning,Refrigerator in room,Accessible rooms,Family Rooms,Non-smoking rooms,Suites",1,"4,646 reviews",https://www.tripadvisor.com/Hotel_Review-g60745-d111441-Reviews-Hyatt_Regency_Boston-Boston_Massachusetts.html,56,100
89575,Boston Harbor Hotel,60745,60745,5.0,232,"Fitness Center with Gym / Workout Room,Room service,Restaurant,Bar/Lounge,Free High Speed Internet (WiFi),Spa,Airport transportation,Banquet Room,Business Center with Internet Access,Concierge,Conference Facilities,Dry Cleaning,Electric vehicle charging station,Heated pool,Indoor pool,Laundry Service,Meeting rooms,Multilingual Staff,Non-smoking hotel,Pets Allowed ( Dog / Pet Friendly ),Sauna,Wheelchair access,Air conditioning,Minibar,Accessible rooms,Family Rooms,Non-smoking rooms,Suites",1,"2,181 reviews",https://www.tripadvisor.com/Hotel_Review-g60745-d89575-Reviews-Boston_Harbor_Hotel-Boston_Massachusetts.html,26,100
89596,Oasis Guest House,60745,60745,2.5,31,"Free High Speed Internet (WiFi),Breakfast included,Non-smoking hotel,Public Wifi,Air conditioning,Non-smoking rooms",1,700 reviews,https://www.tripadvisor.com/Hotel_Review-g60745-d89596-Reviews-Oasis_Guest_House-Boston_Massachusetts.html,28,100
111422,DoubleTree Suites by Hilton Boston-Cambridge,60745,60745,3.5,308,"Restaurant,Pool,Room service,Fitness Center with Gym / Workout Room,Bar/Lounge,Free High Speed Internet (WiFi),Banquet Room,Breakfast Available,Business Center with Internet Access,Concierge,Conference Facilities,Dry Cleaning,Heated pool,Hot Tub,Indoor pool,Laundry Service,Meeting rooms,Multilingual Staff,Non-smoking hotel,Public Wifi,Self-Serve Laundry,Shuttle Bus Service,Wheelchair access,Family Rooms,Non-smoking rooms,Suites",1,"2,094 reviews",https://www.tripadvisor.com/Hotel_Review-g60745-d111422-Reviews-DoubleTree_Suites_by_Hilton_Boston_Cambridge-Boston_Massachusetts.html,10,67
217550,DoubleTree by Hilton Hotel Boston - Downtown,60745,60745,3.5,267,"Restaurant,Room service,Bar/Lounge,Free High Speed Internet (WiFi),Banquet Room,Business Center with Internet Access,Concierge,Conference Facilities,Dry Cleaning,Electric vehicle charging station,Laundry Service,Meeting rooms,Multilingual Staff,Non-smoking hotel,Paid Internet,Paid Wifi,Public Wifi,Wheelchair access,Air conditioning,Non-smoking rooms,Suites",1,"1,893 reviews",https://www.tripadvisor.com/Hotel_Review-g60745-d217550-Reviews-DoubleTree_by_Hilton_Hotel_Boston_Downtown-Boston_Massachusetts.html,31,100
518130,Boston Yacht Haven Inn & Marina,60745,60745,3.0,10,"Free High Speed Internet (WiFi),Breakfast included,Fitness Center with Gym / Workout Room,Business Center with Internet Access,Meeting rooms,Multilingual Staff,Non-smoking hotel,Public Wifi,Wheelchair access,Air conditioning,Refrigerator in room,Accessible rooms,Family Rooms,Non-smoking rooms",1,200 reviews,https://www.tripadvisor.com/Hotel_Review-g60745-d518130-Reviews-Boston_Yacht_Haven_Inn_Marina-Boston_Massachusetts.html,19,100
94337,XV Beacon,60745,60745,5.0,63,"Restaurant,Fitness Center with Gym / Workout Room,Room service,Free High Speed Internet (WiFi),Bar/Lounge,Airport transportation,Babysitting,Breakfast Available,Concierge,Dry Cleaning,Laundry Service,Meeting rooms,Multilingual Staff,Non-smoking hotel,Pets Allowed ( Dog / Pet Friendly ),Public Wifi,Wheelchair access,Air conditioning,Minibar,Non-smoking rooms,Suites",1,"1,217 reviews",https://www.tripadvisor.com/Hotel_Review-g60745-d94337-Reviews-XV_Beacon-Boston_Massachusetts.html,69,100
313573,Courtyard Boston Copley Square,60745,60745,3.0,81,"Fitness Center with Gym / Workout Room,Free High Speed Internet (WiFi),Restaurant,Breakfast Available,Business Center with Internet Access,Concierge,Dry Cleaning,Electric vehicle charging station,Laundry Service,Meeting rooms,Multilingual Staff,Non-smoking hotel,Self-Serve Laundry,Wheelchair access,Air conditioning,Family Rooms,Non-smoking rooms,Suites",1,"2,014 reviews",https://www.tripadvisor.com/Hotel_Review-g60745-d313573-Reviews-Courtyard_Boston_Copley_Square-Boston_Massachusetts.html,60,100
13351021,AC Hotel by Marriott Boston Cleveland Circle,60745,60745,3.5,NA,"Restaurant,Bar/Lounge,Free High Speed Internet (WiFi),Fitness Center with Gym / Workout Room,Breakfast Available,Business Center with Internet Access,Conference Facilities,Dry Cleaning,Laundry Service,Meeting rooms,Multilingual Staff,Non-smoking hotel,Public Wifi,Self-Serve Laundry,Wheelchair access,Air conditioning,Non-smoking rooms",1,80 reviews,https://www.tripadvisor.com/Hotel_Review-g60745-d13351021-Reviews-AC_Hotel_by_Marriott_Boston_Cleveland_Circle-Boston_Massachusetts.html,5,74
15012308,Perkins Inn,60745,60745,3.0,NA,"Free High Speed Internet (WiFi),Air conditioning",1,13 reviews,https://www.tripadvisor.com/Hotel_Review-g60745-d15012308-Reviews-Perkins_Inn-Boston_Massachusetts.html,7,66
126058,Constitution Inn,60745,60745,2.0,147,"Pool,Free High Speed Internet (WiFi),Fitness Center with Gym / Workout Room,Conference Facilities,Indoor pool,Meeting rooms,Multilingual Staff,Non-smoking hotel,Self-Serve Laundry,Wheelchair access,Air conditioning,Microwave,Refrigerator in room,Kitchenette,Non-smoking rooms",1,852 reviews,https://www.tripadvisor.com/Hotel_Review-g60745-d126058-Reviews-Constitution_Inn-Boston_Massachusetts.html,28,73
1206836,Abigayle's Bed and Breakfast,60745,60745,NA,3,"Free High Speed Internet (WiFi),Breakfast included",1,244 reviews,https://www.tripadvisor.com/Hotel_Review-g60745-d1206836-Reviews-Abigayle_s_Bed_and_Breakfast-Boston_Massachusetts.html,17,100
1577042,Montgomery Place,60745,60745,NA,NA,NA,1,NA,https://www.tripadvisor.com/Hotel_Review-g60745-d1577042-Reviews-Montgomery_Place-Boston_Massachusetts.html,NA,NA
254294,Constitution Marina's Bed & Breakfast Afloat,60745,60745,NA,8,"Pool,Free High Speed Internet (WiFi),Breakfast included,Laundry Service,Non-smoking hotel,Air conditioning,Refrigerator in room,Non-smoking rooms",1,99 reviews,https://www.tripadvisor.com/Hotel_Review-g60745-d254294-Reviews-Constitution_Marina_s_Bed_Breakfast_Afloat-Boston_Massachusetts.html,10,94
621896,Nolan House B&B,60745,60745,NA,4,"Free High Speed Internet (WiFi),Breakfast included,Non-smoking hotel,Air conditioning,Non-smoking rooms",1,162 reviews,https://www.tripadvisor.com/Hotel_Review-g60745-d621896-Reviews-Nolan_House_B_B-Boston_Massachusetts.html,13,75
1577043,The 1863 House Bed and Breakfast,60745,60745,NA,3,"Free High Speed Internet (WiFi),Breakfast included,Non-smoking hotel,Non-smoking rooms",1,67 reviews,https://www.tripadvisor.com/Hotel_Review-g60745-d1577043-Reviews-The_1863_House_Bed_and_Breakfast-Boston_Massachusetts.html,13,100
611346,Carruth House,60745,60745,NA,4,"Free parking,Free High Speed Internet (WiFi)",1,109 reviews,https://www.tripadvisor.com/Hotel_Review-g60745-d611346-Reviews-Carruth_House-Boston_Massachusetts.html,1,52
113622,Verona's B&B,60745,60745,NA,3,Free High Speed Internet (WiFi),1,77 reviews,https://www.tripadvisor.com/Hotel_Review-g60745-d113622-Reviews-Verona_s_B_B-Boston_Massachusetts.html,13,100
1060645,Caj Guest House Tremont Street,60745,60745,NA,8,"Free High Speed Internet (WiFi),Air conditioning,Kitchenette",1,49 reviews,https://www.tripadvisor.com/Hotel_Review-g60745-d1060645-Reviews-Caj_Guest_House_Tremont_Street-Boston_Massachusetts.html,8,100
943435,Caj Guest House Worcester Street,60745,60745,NA,NA,NA,1,NA,https://www.tripadvisor.com/Hotel_Review-g60745-d943435-Reviews-Caj_Guest_House_Worcester_Street-Boston_Massachusetts.html,NA,NA
123196,Copley Inn,60745,60745,NA,NA,NA,1,NA,https://www.tripadvisor.com/Hotel_Review-g60745-d123196-Reviews-Copley_Inn-Boston_Massachusetts.html,NA,NA
1110934,Yun's Place,60745,60745,NA,2,"Free parking,Free High Speed Internet (WiFi),Breakfast included,Non-smoking hotel,Air conditioning",1,29 reviews,https://www.tripadvisor.com/Hotel_Review-g60745-d1110934-Reviews-Yun_s_Place-Boston_Massachusetts.html,16,59
7204025,82 Chandler Street Bed & Breakfast,60745,60745,NA,3,NA,1,9 reviews,https://www.tripadvisor.com/Hotel_Review-g60745-d7204025-Reviews-82_Chandler_Street_Bed_Breakfast-Boston_Massachusetts.html,14,100
649100,Rutland Square House,60745,60745,NA,28,"Free High Speed Internet (WiFi),Non-smoking hotel,Air conditioning,Non-smoking rooms",1,28 reviews,https://www.tripadvisor.com/Hotel_Review-g60745-d649100-Reviews-Rutland_Square_House-Boston_Massachusetts.html,13,100
10408215,Bay Village Inn,60745,60745,NA,NA,NA,1,NA,https://www.tripadvisor.com/Hotel_Review-g60745-d10408215-Reviews-Bay_Village_Inn-Boston_Massachusetts.html,NA,NA
12643193,Buckingham Apartments,60745,60745,NA,NA,NA,1,2 reviews,https://www.tripadvisor.com/Hotel_Review-g60745-d12643193-Reviews-Buckingham_Apartments-Boston_Massachusetts.html,62,100
1422190,Florence Frances Guest House,60745,60745,NA,NA,NA,1,NA,https://www.tripadvisor.com/Hotel_Review-g60745-d1422190-Reviews-Florence_Frances_Guest_House-Boston_Massachusetts.html,NA,NA
12440618,STR Boston,60745,60745,NA,NA,NA,1,NA,https://www.tripadvisor.com/Hotel_Review-g60745-d12440618-Reviews-STR_Boston-Boston_Massachusetts.html,NA,NA
1628775,Bayside Club Hotel,60745,60745,NA,5,"Pool,Bar/Lounge,Fitness Center with Gym / Workout Room,Airport transportation,Dry Cleaning,Laundry Service,Public Wifi,Air conditioning,Kitchenette",1,2 reviews,https://www.tripadvisor.com/Hotel_Review-g60745-d1628775-Reviews-Bayside_Club_Hotel-Boston_Massachusetts.html,5,63
286508,Casa do Zequita Bed & Breakfast,60745,60745,NA,NA,NA,1,NA,https://www.tripadvisor.com/Hotel_Review-g60745-d286508-Reviews-Casa_do_Zequita_Bed_Breakfast-Boston_Massachusetts.html,NA,NA
2194559,Friend Street Hostel,60745,60745,NA,48,"Restaurant,Free High Speed Internet (WiFi),Breakfast included,Laundry Service,Non-smoking hotel,Public Wifi,Kitchenette,Non-smoking rooms",1,99 reviews,https://www.tripadvisor.com/Hotel_Review-g60745-d2194559-Reviews-Friend_Street_Hostel-Boston_Massachusetts.html,25,100
77602,Rudy's Bed and Breakfast,60745,60745,NA,NA,NA,1,NA,https://www.tripadvisor.com/Hotel_Review-g60745-d77602-Reviews-Rudy_s_Bed_and_Breakfast-Boston_Massachusetts.html,NA,NA
478706,Bunker Hill Bed and Breakfast,60745,60745,NA,2,"Free High Speed Internet (WiFi),Concierge,Non-smoking hotel,Air conditioning,Kitchenette,Non-smoking rooms,Suites",1,37 reviews,https://www.tripadvisor.com/Hotel_Review-g60745-d478706-Reviews-Bunker_Hill_Bed_and_Breakfast-Boston_Massachusetts.html,14,70
10170222,BOS Hostel,60745,60745,NA,NA,Free Internet,1,14 reviews,https://www.tripadvisor.com/Hotel_Review-g60745-d10170222-Reviews-BOS_Hostel-Boston_Massachusetts.html,25,100
12514053,STR Boston,60745,60745,NA,NA,NA,1,NA,https://www.tripadvisor.com/Hotel_Review-g60745-d12514053-Reviews-STR_Boston-Boston_Massachusetts.html,NA,NA
1931800,East Boston B&B,60745,60745,NA,NA,NA,1,NA,https://www.tripadvisor.com/Hotel_Review-g60745-d1931800-Reviews-East_Boston_B_B-Boston_Massachusetts.html,NA,NA
1640645,City Suites First of Boston,60745,60745,NA,8,NA,1,NA,https://www.tripadvisor.com/Hotel_Review-g60745-d1640645-Reviews-City_Suites_First_of_Boston-Boston_Massachusetts.html,30,100
15692493,Executive Luxury Living Boston,60745,60745,NA,NA,NA,1,NA,https://www.tripadvisor.com/Hotel_Review-g60745-d15692493-Reviews-Executive_Luxury_Living_Boston-Boston_Massachusetts.html,NA,NA
16877569,Financial District Condos,60745,60745,NA,NA,NA,1,NA,https://www.tripadvisor.com/Hotel_Review-g60745-d16877569-Reviews-Financial_District_Condos-Boston_Massachusetts.html,NA,NA
13351021,AC Hotel by Marriott Boston Cleveland Circle,60745,60745,3.5,NA,"Restaurant,Bar/Lounge,Free High Speed Internet (WiFi),Fitness Center with Gym / Workout Room,Breakfast Available,Business Center with Internet Access,Conference Facilities,Dry Cleaning,Laundry Service,Meeting rooms,Multilingual Staff,Non-smoking hotel,Public Wifi,Self-Serve Laundry,Wheelchair access,Air conditioning,Non-smoking rooms",1,80 reviews,https://www.tripadvisor.com/Hotel_Review-g60745-d13351021-Reviews-AC_Hotel_by_Marriott_Boston_Cleveland_Circle-Boston_Massachusetts.html,5,74
15641219,Global Luxury Suites at Kenmore Square,60745,60745,NA,NA,NA,1,NA,https://www.tripadvisor.com/Hotel_Review-g60745-d15641219-Reviews-Global_Luxury_Suites_at_Kenmore_Square-Boston_Massachusetts.html,NA,NA
15641186,Global Luxury Suites at Boston Common,60745,60745,NA,NA,NA,1,NA,https://www.tripadvisor.com/Hotel_Review-g60745-d15641186-Reviews-Global_Luxury_Suites_at_Boston_Common-Boston_Massachusetts.html,NA,NA
15647517,Global Luxury Suites at the Commonwealth,60745,60745,NA,NA,NA,1,NA,https://www.tripadvisor.com/Hotel_Review-g60745-d15647517-Reviews-Global_Luxury_Suites_at_the_Commonwealth-Boston_Massachusetts.html,NA,NA
15641127,Global Luxury Suites at The Financial District,60745,60745,NA,NA,NA,1,NA,https://www.tripadvisor.com/Hotel_Review-g60745-d15641127-Reviews-Global_Luxury_Suites_at_The_Financial_District-Boston_Massachusetts.html,NA,NA
15649221,Global Luxury Suites at West End,60745,60745,NA,NA,NA,1,NA,https://www.tripadvisor.com/Hotel_Review-g60745-d15649221-Reviews-Global_Luxury_Suites_at_West_End-Boston_Massachusetts.html,NA,NA
15637104,284 Marlborough By Lyon Apartments,60745,60745,NA,NA,NA,1,NA,https://www.tripadvisor.com/Hotel_Review-g60745-d15637104-Reviews-284_Marlborough_By_Lyon_Apartments-Boston_Massachusetts.html,NA,NA
15521011,Pasadena B&B,60745,60745,NA,NA,NA,1,NA,https://www.tripadvisor.com/Hotel_Review-g60745-d15521011-Reviews-Pasadena_B_B-Boston_Massachusetts.html,NA,NA
16935735,South End Condos by Barsala,60745,60745,4.0,NA,NA,1,0 reviews,https://www.tripadvisor.com/Hotel_Review-g60745-d16935735-Reviews-South_End_Condos_by_Barsala-Boston_Massachusetts.html,NA,NA
1206836,Abigayle's Bed and Breakfast,60745,60745,NA,3,"Free High Speed Internet (WiFi),Breakfast included",1,244 reviews,https://www.tripadvisor.com/Hotel_Review-g60745-d1206836-Reviews-Abigayle_s_Bed_and_Breakfast-Boston_Massachusetts.html,17,100
1577042,Montgomery Place,60745,60745,NA,4,Free High Speed Internet (WiFi),1,115 reviews,https://www.tripadvisor.com/Hotel_Review-g60745-d1577042-Reviews-Montgomery_Place-Boston_Massachusetts.html,14,100
254294,Constitution Marina's Bed & Breakfast Afloat,60745,60745,NA,NA,NA,1,NA,https://www.tripadvisor.com/Hotel_Review-g60745-d254294-Reviews-Constitution_Marina_s_Bed_Breakfast_Afloat-Boston_Massachusetts.html,NA,NA
621896,Nolan House B&B,60745,60745,NA,4,"Free High Speed Internet (WiFi),Breakfast included,Non-smoking hotel,Air conditioning,Non-smoking rooms",1,162 reviews,https://www.tripadvisor.com/Hotel_Review-g60745-d621896-Reviews-Nolan_House_B_B-Boston_Massachusetts.html,13,75
1577043,The 1863 House Bed and Breakfast,60745,60745,NA,3,"Free High Speed Internet (WiFi),Breakfast included,Non-smoking hotel,Non-smoking rooms",1,67 reviews,https://www.tripadvisor.com/Hotel_Review-g60745-d1577043-Reviews-The_1863_House_Bed_and_Breakfast-Boston_Massachusetts.html,13,100
611346,Carruth House,60745,60745,NA,4,"Free parking,Free High Speed Internet (WiFi)",1,109 reviews,https://www.tripadvisor.com/Hotel_Review-g60745-d611346-Reviews-Carruth_House-Boston_Massachusetts.html,1,52
113622,Verona's B&B,60745,60745,NA,3,Free High Speed Internet (WiFi),1,77 reviews,https://www.tripadvisor.com/Hotel_Review-g60745-d113622-Reviews-Verona_s_B_B-Boston_Massachusetts.html,13,100
1060645,Caj Guest House Tremont Street,60745,60745,NA,8,"Free High Speed Internet (WiFi),Air conditioning,Kitchenette",1,49 reviews,https://www.tripadvisor.com/Hotel_Review-g60745-d1060645-Reviews-Caj_Guest_House_Tremont_Street-Boston_Massachusetts.html,8,100
943435,Caj Guest House Worcester Street,60745,60745,NA,10,"Free High Speed Internet (WiFi),Non-smoking hotel,Air conditioning,Refrigerator in room,Kitchenette,Non-smoking rooms",1,41 reviews,https://www.tripadvisor.com/Hotel_Review-g60745-d943435-Reviews-Caj_Guest_House_Worcester_Street-Boston_Massachusetts.html,5,96
123196,Copley Inn,60745,60745,NA,21,"Free High Speed Internet (WiFi),Non-smoking hotel,Air conditioning,Refrigerator in room,Kitchenette,Non-smoking rooms",1,60 reviews,https://www.tripadvisor.com/Hotel_Review-g60745-d123196-Reviews-Copley_Inn-Boston_Massachusetts.html,35,100
1110934,Yun's Place,60745,60745,NA,2,"Free parking,Free High Speed Internet (WiFi),Breakfast included,Non-smoking hotel,Air conditioning",1,29 reviews,https://www.tripadvisor.com/Hotel_Review-g60745-d1110934-Reviews-Yun_s_Place-Boston_Massachusetts.html,16,59
7204025,82 Chandler Street Bed & Breakfast,60745,60745,NA,NA,NA,1,NA,https://www.tripadvisor.com/Hotel_Review-g60745-d7204025-Reviews-82_Chandler_Street_Bed_Breakfast-Boston_Massachusetts.html,NA,NA
649100,Rutland Square House,60745,60745,NA,28,"Free High Speed Internet (WiFi),Non-smoking hotel,Air conditioning,Non-smoking rooms",1,28 reviews,https://www.tripadvisor.com/Hotel_Review-g60745-d649100-Reviews-Rutland_Square_House-Boston_Massachusetts.html,13,100
10408215,Bay Village Inn,60745,60745,NA,NA,NA,1,NA,https://www.tripadvisor.com/Hotel_Review-g60745-d10408215-Reviews-Bay_Village_Inn-Boston_Massachusetts.html,NA,NA
12643193,Buckingham Apartments,60745,60745,NA,NA,NA,1,2 reviews,https://www.tripadvisor.com/Hotel_Review-g60745-d12643193-Reviews-Buckingham_Apartments-Boston_Massachusetts.html,62,100
1422190,Florence Frances Guest House,60745,60745,NA,NA,NA,1,NA,https://www.tripadvisor.com/Hotel_Review-g60745-d1422190-Reviews-Florence_Frances_Guest_House-Boston_Massachusetts.html,NA,NA
12440618,STR Boston,60745,60745,NA,NA,NA,1,NA,https://www.tripadvisor.com/Hotel_Review-g60745-d12440618-Reviews-STR_Boston-Boston_Massachusetts.html,NA,NA
1628775,Bayside Club Hotel,60745,60745,NA,5,"Pool,Bar/Lounge,Fitness Center with Gym / Workout Room,Airport transportation,Dry Cleaning,Laundry Service,Public Wifi,Air conditioning,Kitchenette",1,2 reviews,https://www.tripadvisor.com/Hotel_Review-g60745-d1628775-Reviews-Bayside_Club_Hotel-Boston_Massachusetts.html,5,63
286508,Casa do Zequita Bed & Breakfast,60745,60745,NA,NA,NA,1,NA,https://www.tripadvisor.com/Hotel_Review-g60745-d286508-Reviews-Casa_do_Zequita_Bed_Breakfast-Boston_Massachusetts.html,NA,NA
2194559,Friend Street Hostel,60745,60745,NA,48,"Restaurant,Free High Speed Internet (WiFi),Breakfast included,Laundry Service,Non-smoking hotel,Public Wifi,Kitchenette,Non-smoking rooms",1,99 reviews,https://www.tripadvisor.com/Hotel_Review-g60745-d2194559-Reviews-Friend_Street_Hostel-Boston_Massachusetts.html,25,100
77602,Rudy's Bed and Breakfast,60745,60745,NA,NA,NA,1,NA,https://www.tripadvisor.com/Hotel_Review-g60745-d77602-Reviews-Rudy_s_Bed_and_Breakfast-Boston_Massachusetts.html,NA,NA
478706,Bunker Hill Bed and Breakfast,60745,60745,NA,2,"Free High Speed Internet (WiFi),Concierge,Non-smoking hotel,Air conditioning,Kitchenette,Non-smoking rooms,Suites",1,37 reviews,https://www.tripadvisor.com/Hotel_Review-g60745-d478706-Reviews-Bunker_Hill_Bed_and_Breakfast-Boston_Massachusetts.html,14,70
114134,Lenox Hotel,60745,60745,4.5,214,"Restaurant,Fitness Center with Gym / Workout Room,Room service,Free High Speed Internet (WiFi),Bar/Lounge,Banquet Room,Breakfast Available,Business Center with Internet Access,Children Activities (Kid / Family Friendly),Concierge,Conference Facilities,Dry Cleaning,Laundry Service,Meeting rooms,Multilingual Staff,Non-smoking hotel,Pets Allowed ( Dog / Pet Friendly ),Public Wifi,Wheelchair access,Air conditioning,Refrigerator in room,Family Rooms,Non-smoking rooms,Suites",1,"3,685 reviews",https://www.tripadvisor.com/Hotel_Review-g60745-d114134-Reviews-Lenox_Hotel-Boston_Massachusetts.html,61,100
111428,Hilton Boston Back Bay,60745,60745,4.0,385,"Pool,Restaurant,Room service,Fitness Center with Gym / Workout Room,Bar/Lounge,Free High Speed Internet (WiFi),Banquet Room,Business Center with Internet Access,Concierge,Conference Facilities,Dry Cleaning,Heated pool,Hot Tub,Indoor pool,Laundry Service,Meeting rooms,Multilingual Staff,Non-smoking hotel,Paid Internet,Paid Wifi,Wheelchair access,Air conditioning,Refrigerator in room,Accessible rooms,Non-smoking rooms,Suites",1,"3,288 reviews",https://www.tripadvisor.com/Hotel_Review-g60745-d111428-Reviews-Hilton_Boston_Back_Bay-Boston_Massachusetts.html,40,100
3169894,HI Boston,60745,60745,2.0,99,"Free High Speed Internet (WiFi),Breakfast included,Meeting rooms,Multilingual Staff,Non-smoking hotel,Public Wifi,Self-Serve Laundry,Wheelchair access,Air conditioning,Non-smoking rooms",1,"1,170 reviews",https://www.tripadvisor.com/Hotel_Review-g60745-d3169894-Reviews-HI_Boston-Boston_Massachusetts.html,43,100
111434,Newbury Guest House,60745,60745,3.0,35,"Free High Speed Internet (WiFi),Restaurant,Breakfast included,Dry Cleaning,Laundry Service,Multilingual Staff,Non-smoking hotel,Public Wifi,Air conditioning,Refrigerator in room,Accessible rooms,Non-smoking rooms",1,786 reviews,https://www.tripadvisor.com/Hotel_Review-g60745-d111434-Reviews-Newbury_Guest_House-Boston_Massachusetts.html,52,100
13792675,No. 284,60745,60745,NA,23,"Free High Speed Internet (WiFi),Breakfast included,Business Center with Internet Access,Dry Cleaning,Laundry Service,Wheelchair access,Air conditioning,Microwave,Refrigerator in room,Kitchenette,Non-smoking rooms,Suites",1,63 reviews,https://www.tripadvisor.com/Hotel_Review-g60745-d13792675-Reviews-No_284-Boston_Massachusetts.html,42,100
1136705,"Mandarin Oriental, Boston",60745,60745,5.0,148,"Restaurant,Fitness Center with Gym / Workout Room,Room service,Bar/Lounge,Free Internet,Spa,Airport transportation,Babysitting,Banquet Room,Business Center with Internet Access,Children Activities (Kid / Family Friendly),Concierge,Conference Facilities,Dry Cleaning,Hot Tub,Laundry Service,Meeting rooms,Multilingual Staff,Non-smoking hotel,Paid Internet,Paid Wifi,Sauna,Wheelchair access,Air conditioning,Accessible rooms,Family Rooms,Non-smoking rooms,Suites",1,875 reviews,https://www.tripadvisor.com/Hotel_Review-g60745-d1136705-Reviews-Mandarin_Oriental_Boston-Boston_Massachusetts.html,63,100
321151,Loews Boston Hotel,60745,60745,4.0,225,"Room service,Restaurant,Fitness Center with Gym / Workout Room,Free High Speed Internet (WiFi),Bar/Lounge,Banquet Room,Business Center with Internet Access,Concierge,Conference Facilities,Dry Cleaning,Laundry Service,Meeting rooms,Multilingual Staff,Non-smoking hotel,Pets Allowed ( Dog / Pet Friendly ),Wheelchair access,Air conditioning,Family Rooms,Non-smoking rooms,Suites",1,"1,962 reviews",https://www.tripadvisor.com/Hotel_Review-g60745-d321151-Reviews-Loews_Boston_Hotel-Boston_Massachusetts.html,47,100
7295026,Moroccan Luxury Suites Boston,60745,60745,3.5,3,"Free High Speed Internet (WiFi),Breakfast included,Non-smoking hotel,Air conditioning,Microwave,Refrigerator in room,Kitchenette,Non-smoking rooms,Suites",1,68 reviews,https://www.tripadvisor.com/Hotel_Review-g60745-d7295026-Reviews-Moroccan_Luxury_Suites_Boston-Boston_Massachusetts.html,18,76
280420,The College Club of Boston,60745,60745,3.0,11,"Breakfast included,Free High Speed Internet (WiFi),Non-smoking hotel,Public Wifi,Air conditioning,Non-smoking rooms",1,282 reviews,https://www.tripadvisor.com/Hotel_Review-g60745-d280420-Reviews-The_College_Club_of_Boston-Boston_Massachusetts.html,43,100
94344,"Marriott Vacation Club Pulse at Custom House, Boston",60745,60745,3.5,84,"Fitness Center with Gym / Workout Room,Free High Speed Internet (WiFi),Bar/Lounge,Breakfast Available,Concierge,Dry Cleaning,Meeting rooms,Multilingual Staff,Non-smoking hotel,Public Wifi,Self-Serve Laundry,Wheelchair access,Microwave,Refrigerator in room,Family Rooms,Kitchenette,Non-smoking rooms,Suites",1,949 reviews,https://www.tripadvisor.com/Hotel_Review-g60745-d94344-Reviews-Marriott_Vacation_Club_Pulse_at_Custom_House_Boston-Boston_Massachusetts.html,71,100
118441,Clarendon Square Inn,60745,60745,4.0,5,"Free High Speed Internet (WiFi),Breakfast included,Hot Tub,Non-smoking hotel,Public Wifi,Air conditioning,Non-smoking rooms,Suites",1,604 reviews,https://www.tripadvisor.com/Hotel_Review-g60745-d118441-Reviews-Clarendon_Square_Inn-Boston_Massachusetts.html,14,100
777353,Aisling,60745,60745,3.5,2,"Free High Speed Internet (WiFi),Free parking,Non-smoking hotel,Public Wifi,Air conditioning,Non-smoking rooms",1,352 reviews,https://www.tripadvisor.com/Hotel_Review-g60745-d777353-Reviews-Aisling-Boston_Massachusetts.html,53,89
1467037,Green Turtle Floating Bed and Breakfast,60745,60745,NA,4,"Free High Speed Internet (WiFi),Breakfast included,Non-smoking hotel,Air conditioning,Microwave,Refrigerator in room,Kitchenette,Non-smoking rooms,Suites",1,660 reviews,https://www.tripadvisor.com/Hotel_Review-g60745-d1467037-Reviews-Green_Turtle_Floating_Bed_and_Breakfast-Boston_Massachusetts.html,31,70
113623,John Jeffries House,60745,60745,3.0,46,"Free High Speed Internet (WiFi),Breakfast included,Breakfast Available,Laundry Service,Non-smoking hotel,Public Wifi,Air conditioning,Microwave,Refrigerator in room,Accessible rooms,Family Rooms,Kitchenette,Non-smoking rooms,Suites",1,485 reviews,https://www.tripadvisor.com/Hotel_Review-g60745-d113623-Reviews-John_Jeffries_House-Boston_Massachusetts.html,14,100
549445,Hotel 140,60745,60745,3.0,65,"Free High Speed Internet (WiFi),Dry Cleaning,Laundry Service,Meeting rooms,Multilingual Staff,Non-smoking hotel,Public Wifi,Wheelchair access,Air conditioning,Refrigerator in room,Non-smoking rooms,Suites",1,"2,441 reviews",https://www.tripadvisor.com/Hotel_Review-g60745-d549445-Reviews-Hotel_140-Boston_Massachusetts.html,58,100
120977,Copley House,60745,60745,3.0,39,"Free High Speed Internet (WiFi),Multilingual Staff,Non-smoking hotel,Air conditioning,Microwave,Refrigerator in room,Kitchenette,Non-smoking rooms",1,887 reviews,https://www.tripadvisor.com/Hotel_Review-g60745-d120977-Reviews-Copley_House-Boston_Massachusetts.html,20,100
268205,Embassy Suites by Hilton Boston at Logan Airport,60745,60745,3.5,273,"Pool,Restaurant,Room service,Fitness Center with Gym / Workout Room,Free Internet,Bar/Lounge,Breakfast included,Airport transportation,Banquet Room,Business Center with Internet Access,Concierge,Conference Facilities,Heated pool,Hot Tub,Indoor pool,Laundry Service,Meeting rooms,Multilingual Staff,Non-smoking hotel,Paid Internet,Paid Wifi,Self-Serve Laundry,Shuttle Bus Service,Wheelchair access,Air conditioning,Microwave,Refrigerator in room,Accessible rooms,Family Rooms,Non-smoking rooms,Suites",1,"2,713 reviews",https://www.tripadvisor.com/Hotel_Review-g60745-d268205-Reviews-Embassy_Suites_by_Hilton_Boston_at_Logan_Airport-Boston_Massachusetts.html,11,59
8145466,Aloft Boston Seaport District,60745,60745,3.0,NA,"Pool,Room service,Restaurant,Bar/Lounge,Free High Speed Internet (WiFi),Fitness Center with Gym / Workout Room,Banquet Room,Breakfast Available,Business Center with Internet Access,Dry Cleaning,Indoor pool,Laundry Service,Meeting rooms,Non-smoking hotel,Pets Allowed ( Dog / Pet Friendly ),Public Wifi,Wheelchair access,Air conditioning,Family Rooms,Non-smoking rooms",1,513 reviews,https://www.tripadvisor.com/Hotel_Review-g60745-d8145466-Reviews-Aloft_Boston_Seaport_District-Boston_Massachusetts.html,27,87
265475,Taylor House Bed and Breakfast,60745,60745,NA,3,"Free parking,Free High Speed Internet (WiFi),Breakfast included,Banquet Room,Business Center with Internet Access,Conference Facilities,Meeting rooms,Multilingual Staff,Non-smoking hotel,Pets Allowed ( Dog / Pet Friendly ),Public Wifi,Air conditioning,Non-smoking rooms,Suites",1,239 reviews,https://www.tripadvisor.com/Hotel_Review-g60745-d265475-Reviews-Taylor_House_Bed_and_Breakfast-Boston_Massachusetts.html,5,72
15161474,Hyatt Centric Faneuil Hall Boston,60745,60745,3.5,163,"Restaurant,Bar/Lounge,Free High Speed Internet (WiFi),Fitness Center with Gym / Workout Room,Room service,Breakfast Available,Business Center with Internet Access,Concierge,Conference Facilities,Dry Cleaning,Laundry Service,Meeting rooms,Multilingual Staff,Non-smoking hotel,Pets Allowed ( Dog / Pet Friendly ),Public Wifi,Wheelchair access,Air conditioning,Refrigerator in room,Non-smoking rooms",1,30 reviews,https://www.tripadvisor.com/Hotel_Review-g60745-d15161474-Reviews-Hyatt_Centric_Faneuil_Hall_Boston-Boston_Massachusetts.html,93,100
222957,Best Western Plus Boston Hotel,60745,60745,2.5,92,"Free parking,Free High Speed Internet (WiFi),Fitness Center with Gym / Workout Room,Breakfast included,Business Center with Internet Access,Dry Cleaning,Laundry Service,Meeting rooms,Multilingual Staff,Non-smoking hotel,Pets Allowed ( Dog / Pet Friendly ),Shuttle Bus Service,Wheelchair access,Air conditioning,Family Rooms,Non-smoking rooms,Suites",1,"1,600 reviews",https://www.tripadvisor.com/Hotel_Review-g60745-d222957-Reviews-Best_Western_Plus_Boston_Hotel-Boston_Massachusetts.html,19,63
77629,Hotel Boston,60745,60745,3.0,74,"Free High Speed Internet (WiFi),Breakfast included,Breakfast Available,Multilingual Staff,Non-smoking hotel,Public Wifi,Wheelchair access,Air conditioning,Microwave,Refrigerator in room,Non-smoking rooms",1,600 reviews,https://www.tripadvisor.com/Hotel_Review-g60745-d77629-Reviews-Hotel_Boston-Boston_Massachusetts.html,8,73
89568,"Staypineapple, A Delightful Hotel, South End Boston",60745,60745,3.0,56,"Bar/Lounge,Restaurant,Free High Speed Internet (WiFi),Non-smoking hotel,Pets Allowed ( Dog / Pet Friendly ),Public Wifi,Wheelchair access,Air conditioning,Non-smoking rooms",1,88 reviews,https://www.tripadvisor.com/Hotel_Review-g60745-d89568-Reviews-Staypineapple_A_Delightful_Hotel_South_End_Boston-Boston_Massachusetts.html,13,100
1138709,Hotel Indigo Boston Garden,60745,60745,3.5,72,"Free High Speed Internet (WiFi),Fitness Center with Gym / Workout Room,Restaurant,Breakfast included,Breakfast Available,Business Center with Internet Access,Dry Cleaning,Laundry Service,Multilingual Staff,Non-smoking hotel,Pets Allowed ( Dog / Pet Friendly ),Wheelchair access,Air conditioning,Microwave,Non-smoking rooms,Suites",1,604 reviews,https://www.tripadvisor.com/Hotel_Review-g60745-d1138709-Reviews-Hotel_Indigo_Boston_Garden-Boston_Massachusetts.html,13,100
2079076,14 Union Park,60745,60745,3.0,3,"Free High Speed Internet (WiFi),Non-smoking hotel,Air conditioning,Non-smoking rooms",1,102 reviews,https://www.tripadvisor.com/Hotel_Review-g60745-d2079076-Reviews-14_Union_Park-Boston_Massachusetts.html,18,100
222956,Oakwood at Downtown Boston,60745,60745,4.0,94,"Free High Speed Internet (WiFi),Fitness Center with Gym / Workout Room,Concierge,Non-smoking hotel,Public Wifi,Self-Serve Laundry,Air conditioning,Microwave,Refrigerator in room,Family Rooms,Kitchenette,Non-smoking rooms,Suites",1,38 reviews,https://www.tripadvisor.com/Hotel_Review-g60745-d222956-Reviews-Oakwood_at_Downtown_Boston-Boston_Massachusetts.html,79,100
1200189,Fort Hill Inn,60745,60745,NA,9,"Free High Speed Internet (WiFi),Non-smoking hotel,Self-Serve Laundry,Air conditioning,Microwave,Refrigerator in room,Family Rooms,Kitchenette,Non-smoking rooms,Suites",1,72 reviews,https://www.tripadvisor.com/Hotel_Review-g60745-d1200189-Reviews-Fort_Hill_Inn-Boston_Massachusetts.html,10,72
14330508,Wyman Bed & Breakfast in Boston,60745,60745,3.5,11,"Free parking,Free High Speed Internet (WiFi),Air conditioning,Non-smoking rooms",1,28 reviews,https://www.tripadvisor.com/Hotel_Review-g60745-d14330508-Reviews-Wyman_Bed_Breakfast_in_Boston-Boston_Massachusetts.html,4,66
1672194,Back Bay Beacon,60745,60745,NA,NA,NA,1,NA,https://www.tripadvisor.com/Hotel_Review-g60745-d1672194-Reviews-Back_Bay_Beacon-Boston_Massachusetts.html,NA,NA
15528935,Residence Inn Boston Downtown/South End,60745,60745,3.0,135,"Bar/Lounge,Free High Speed Internet (WiFi),Breakfast included,Fitness Center with Gym / Workout Room,Business Center with Internet Access,Meeting rooms,Public Wifi,Self-Serve Laundry,Microwave,Refrigerator in room,Suites",1,4 reviews,https://www.tripadvisor.com/Hotel_Review-g60745-d15528935-Reviews-Residence_Inn_Boston_Downtown_South_End-Boston_Massachusetts.html,NA,NA
15012308,Perkins Inn,60745,60745,3.0,NA,"Free High Speed Internet (WiFi),Air conditioning",1,13 reviews,https://www.tripadvisor.com/Hotel_Review-g60745-d15012308-Reviews-Perkins_Inn-Boston_Massachusetts.html,7,66
13846823,Boston Luxury Suites,60745,60745,4.0,NA,"Free High Speed Internet (WiFi),Air conditioning,Kitchenette",1,20 reviews,https://www.tripadvisor.com/Hotel_Review-g60745-d13846823-Reviews-Boston_Luxury_Suites-Boston_Massachusetts.html,6,54
15113557,The Maple Bed & Breakfast,60745,60745,3.0,7,"Free High Speed Internet (WiFi),Breakfast included,Kitchenette",1,7 reviews,https://www.tripadvisor.com/Hotel_Review-g60745-d15113557-Reviews-The_Maple_Bed_Breakfast-Boston_Massachusetts.html,3,49
15334761,Global Luxury Suites On Harrison Ave,60745,60745,NA,NA,NA,1,NA,https://www.tripadvisor.com/Hotel_Review-g60745-d15334761-Reviews-Global_Luxury_Suites_On_Harrison_Ave-Boston_Massachusetts.html,NA,NA
15631603,Bluebird Suites at Mission Hill,60745,60745,3.5,NA,NA,1,1 review,https://www.tripadvisor.com/Hotel_Review-g60745-d15631603-Reviews-Bluebird_Suites_at_Mission_Hill-Boston_Massachusetts.html,NA,NA
9878099,Found Places Boston Fenway Inn,60745,60745,2.0,55,"Free High Speed Internet (WiFi),Breakfast included,Non-smoking hotel,Public Wifi,Non-smoking rooms",1,119 reviews,https://www.tripadvisor.com/Hotel_Review-g60745-d9878099-Reviews-Found_Places_Boston_Fenway_Inn-Boston_Massachusetts.html,25,100
15750391,A Street Apartment by Stay Alfred,60745,60745,NA,NA,NA,1,NA,https://www.tripadvisor.com/Hotel_Review-g60745-d15750391-Reviews-A_Street_Apartment_by_Stay_Alfred-Boston_Massachusetts.html,NA,NA
1415084,Churchill at Boston View,60745,60745,NA,NA,NA,1,NA,https://www.tripadvisor.com/Hotel_Review-g60745-d1415084-Reviews-Churchill_at_Boston_View-Boston_Massachusetts.html,NA,NA
1157193,Oakwood At The Devonshire,60745,60745,NA,NA,NA,1,NA,https://www.tripadvisor.com/Hotel_Review-g60745-d1157193-Reviews-Oakwood_At_The_Devonshire-Boston_Massachusetts.html,NA,NA
13119752,Longfellow Place Apartment by Stay Alfred,60745,60745,NA,NA,NA,1,NA,https://www.tripadvisor.com/Hotel_Review-g60745-d13119752-Reviews-Longfellow_Place_Apartment_by_Stay_Alfred-Boston_Massachusetts.html,NA,NA
126058,Constitution Inn,60745,60745,2.0,147,"Pool,Free High Speed Internet (WiFi),Fitness Center with Gym / Workout Room,Conference Facilities,Indoor pool,Meeting rooms,Multilingual Staff,Non-smoking hotel,Self-Serve Laundry,Wheelchair access,Air conditioning,Microwave,Refrigerator in room,Kitchenette,Non-smoking rooms",1,852 reviews,https://www.tripadvisor.com/Hotel_Review-g60745-d126058-Reviews-Constitution_Inn-Boston_Massachusetts.html,28,73
120999,463 Beacon Street Guest House,60745,60745,2.0,20,"Free High Speed Internet (WiFi),Non-smoking hotel,Microwave,Non-smoking rooms",1,284 reviews,https://www.tripadvisor.com/Hotel_Review-g60745-d120999-Reviews-463_Beacon_Street_Guest_House-Boston_Massachusetts.html,17,100
16748526,Boston Homestel,60745,60745,NA,NA,NA,1,NA,https://www.tripadvisor.com/Hotel_Review-g60745-d16748526-Reviews-Boston_Homestel-Boston_Massachusetts.html,NA,NA
10169149,Evolve East Boston,60745,60745,4.0,NA,"Free High Speed Internet (WiFi),Air conditioning,Microwave,Kitchenette",1,22 reviews,https://www.tripadvisor.com/Hotel_Review-g60745-d10169149-Reviews-Evolve_East_Boston-Boston_Massachusetts.html,4,83
16639143,Concord Square by Short Term Rentals Boston,60745,60745,NA,NA,NA,1,NA,https://www.tripadvisor.com/Hotel_Review-g60745-d16639143-Reviews-Concord_Square_by_Short_Term_Rentals_Boston-Boston_Massachusetts.html,NA,NA
15641193,Global Luxury Suites at Boston Garden,60745,60745,NA,NA,NA,1,NA,https://www.tripadvisor.com/Hotel_Review-g60745-d15641193-Reviews-Global_Luxury_Suites_at_Boston_Garden-Boston_Massachusetts.html,NA,NA
15641238,Global Luxury Suites at Emerson Place,60745,60745,NA,NA,NA,1,NA,https://www.tripadvisor.com/Hotel_Review-g60745-d15641238-Reviews-Global_Luxury_Suites_at_Emerson_Place-Boston_Massachusetts.html,NA,NA
15641200,Global Luxury Suites at Massachusetts General,60745,60745,NA,NA,NA,1,NA,https://www.tripadvisor.com/Hotel_Review-g60745-d15641200-Reviews-Global_Luxury_Suites_at_Massachusetts_General-Boston_Massachusetts.html,NA,NA
15641208,Global Luxury Suites in South End,60745,60745,NA,NA,NA,1,NA,https://www.tripadvisor.com/Hotel_Review-g60745-d15641208-Reviews-Global_Luxury_Suites_in_South_End-Boston_Massachusetts.html,NA,NA
12449123,Global Luxury Suites at China Town,60745,60745,3.5,2,"Pool,Free High Speed Internet (WiFi),Fitness Center with Gym / Workout Room,Business Center with Internet Access,Concierge,Pets Allowed ( Dog / Pet Friendly ),Self-Serve Laundry,Air conditioning,Microwave,Refrigerator in room,Kitchenette,Non-smoking rooms,Suites",1,6 reviews,https://www.tripadvisor.com/Hotel_Review-g60745-d12449123-Reviews-Global_Luxury_Suites_at_China_Town-Boston_Massachusetts.html,48,100
13094295,Temple Place Suites by Short Term Rentals Boston,60745,60745,NA,NA,"Air conditioning,Refrigerator in room,Kitchenette",1,21 reviews,https://www.tripadvisor.com/Hotel_Review-g60745-d13094295-Reviews-Temple_Place_Suites_by_Short_Term_Rentals_Boston-Boston_Massachusetts.html,62,100
7356280,Churchill At The Radian,60745,60745,NA,NA,NA,1,NA,https://www.tripadvisor.com/Hotel_Review-g60745-d7356280-Reviews-Churchill_At_The_Radian-Boston_Massachusetts.html,NA,NA
14100377,Edena Urban Resorts,60745,60745,4.0,60,"Room service,Restaurant,Free High Speed Internet (WiFi),Airport transportation,Breakfast Available,Business Center with Internet Access,Concierge,Non-smoking hotel,Shuttle Bus Service,Air conditioning,Refrigerator in room,Kitchenette,Non-smoking rooms,Suites",1,11 reviews,https://www.tripadvisor.com/Hotel_Review-g60745-d14100377-Reviews-Edena_Urban_Resorts-Boston_Massachusetts.html,49,100
10209494,Sunny Hill Garden Suites,60745,60745,NA,NA,NA,1,NA,https://www.tripadvisor.com/Hotel_Review-g60745-d10209494-Reviews-Sunny_Hill_Garden_Suites-Boston_Massachusetts.html,NA,NA
14655125,Patrick's Homestay,60745,60745,NA,NA,NA,1,NA,https://www.tripadvisor.com/Hotel_Review-g60745-d14655125-Reviews-Patrick_s_Homestay-Boston_Massachusetts.html,NA,NA
2084713,Royalton Suites,60745,60745,NA,7,"Room service,Restaurant,Bar/Lounge,Free High Speed Internet (WiFi),Concierge,Non-smoking hotel,Public Wifi,Air conditioning,Minibar,Refrigerator in room,Non-smoking rooms,Suites",1,24 reviews,https://www.tripadvisor.com/Hotel_Review-g60745-d2084713-Reviews-Royalton_Suites-Boston_Massachusetts.html,58,100
15553242,Global Luxury Suites At Longwood,60745,60745,NA,NA,NA,1,NA,https://www.tripadvisor.com/Hotel_Review-g60745-d15553242-Reviews-Global_Luxury_Suites_At_Longwood-Boston_Massachusetts.html,NA,NA
12370530,Evolve Fenway Diamond,60745,60745,4.0,NA,"Air conditioning,Microwave,Refrigerator in room,Kitchenette",1,7 reviews,https://www.tripadvisor.com/Hotel_Review-g60745-d12370530-Reviews-Evolve_Fenway_Diamond-Boston_Massachusetts.html,9,100
15749811,The Baldwin at Longwood Medical Area,60745,60745,NA,NA,NA,1,NA,https://www.tripadvisor.com/Hotel_Review-g60745-d15749811-Reviews-The_Baldwin_at_Longwood_Medical_Area-Boston_Massachusetts.html,NA,NA
15631719,Bluebird At North End,60745,60745,NA,NA,NA,1,NA,https://www.tripadvisor.com/Hotel_Review-g60745-d15631719-Reviews-Bluebird_At_North_End-Boston_Massachusetts.html,NA,NA
15641219,Global Luxury Suites at Kenmore Square,60745,60745,NA,NA,NA,1,NA,https://www.tripadvisor.com/Hotel_Review-g60745-d15641219-Reviews-Global_Luxury_Suites_at_Kenmore_Square-Boston_Massachusetts.html,NA,NA
16932688,Boston Commons Condos,60745,60745,NA,NA,NA,1,NA,https://www.tripadvisor.com/Hotel_Review-g60745-d16932688-Reviews-Boston_Commons_Condos-Boston_Massachusetts.html,NA,NA
16748526,Boston Homestel,60745,60745,NA,NA,NA,1,NA,https://www.tripadvisor.com/Hotel_Review-g60745-d16748526-Reviews-Boston_Homestel-Boston_Massachusetts.html,NA,NA
15618152,Cambria Hotel Boston Downtown,60745,60745,NA,NA,NA,1,NA,https://www.tripadvisor.com/Hotel_Review-g60745-d15618152-Reviews-Cambria_Hotel_Boston_Downtown-Boston_Massachusetts.html,NA,NA
7356316,Churchill At Landmark Square,60745,60745,NA,NA,NA,1,NA,https://www.tripadvisor.com/Hotel_Review-g60745-d7356316-Reviews-Churchill_At_Landmark_Square-Boston_Massachusetts.html,NA,NA
16639143,Concord Square by Short Term Rentals Boston,60745,60745,NA,16,NA,1,NA,https://www.tripadvisor.com/Hotel_Review-g60745-d16639143-Reviews-Concord_Square_by_Short_Term_Rentals_Boston-Boston_Massachusetts.html,NA,NA
15264230,Copley Luxe Condos by Barsala,60745,60745,NA,NA,NA,1,NA,https://www.tripadvisor.com/Hotel_Review-g60745-d15264230-Reviews-Copley_Luxe_Condos_by_Barsala-Boston_Massachusetts.html,NA,NA
16935822,Family Apartments In Boston By Namastay,60745,60745,NA,NA,NA,1,NA,https://www.tripadvisor.com/Hotel_Review-g60745-d16935822-Reviews-Family_Apartments_In_Boston_By_Namastay-Boston_Massachusetts.html,NA,NA
16901250,"Four Seasons Hotel One Dalton Street, Boston",60745,60745,NA,NA,NA,1,NA,https://www.tripadvisor.com/Hotel_Review-g60745-d16901250-Reviews-Four_Seasons_Hotel_One_Dalton_Street_Boston-Boston_Massachusetts.html,NA,NA
6484375,Furnished Quarters Church Park,60745,60745,NA,NA,NA,1,NA,https://www.tripadvisor.com/Hotel_Review-g60745-d6484375-Reviews-Furnished_Quarters_Church_Park-Boston_Massachusetts.html,NA,NA
15641186,Global Luxury Suites at Boston Common,60745,60745,3.5,381,"Pool,Bar/Lounge,Free High Speed Internet (WiFi),Fitness Center with Gym / Workout Room,Business Center with Internet Access,Pets Allowed ( Dog / Pet Friendly ),Kitchenette,Suites",1,NA,https://www.tripadvisor.com/Hotel_Review-g60745-d15641186-Reviews-Global_Luxury_Suites_at_Boston_Common-Boston_Massachusetts.html,NA,NA
15641193,Global Luxury Suites at Boston Garden,60745,60745,NA,NA,NA,1,NA,https://www.tripadvisor.com/Hotel_Review-g60745-d15641193-Reviews-Global_Luxury_Suites_at_Boston_Garden-Boston_Massachusetts.html,NA,NA
15640955,Global Luxury Suites at Boston Harbor,60745,60745,NA,NA,NA,1,NA,https://www.tripadvisor.com/Hotel_Review-g60745-d15640955-Reviews-Global_Luxury_Suites_at_Boston_Harbor-Boston_Massachusetts.html,NA,NA
15641223,Global Luxury Suites at Boston Seaport,60745,60745,NA,369,"Pool,Free High Speed Internet (WiFi),Fitness Center with Gym / Workout Room,Business Center with Internet Access,Children Activities (Kid / Family Friendly),Concierge,Electric vehicle charging station,Meeting rooms,Pets Allowed ( Dog / Pet Friendly ),Self-Serve Laundry,Air conditioning,Microwave,Refrigerator in room,Kitchenette,Non-smoking rooms,Suites",1,NA,https://www.tripadvisor.com/Hotel_Review-g60745-d15641223-Reviews-Global_Luxury_Suites_at_Boston_Seaport-Boston_Massachusetts.html,NA,NA
15641238,Global Luxury Suites at Emerson Place,60745,60745,NA,NA,NA,1,NA,https://www.tripadvisor.com/Hotel_Review-g60745-d15641238-Reviews-Global_Luxury_Suites_at_Emerson_Place-Boston_Massachusetts.html,NA,NA
15649228,Global Luxury Suites at Fenway,60745,60745,NA,NA,NA,1,NA,https://www.tripadvisor.com/Hotel_Review-g60745-d15649228-Reviews-Global_Luxury_Suites_at_Fenway-Boston_Massachusetts.html,NA,NA
15641200,Global Luxury Suites at Massachusetts General,60745,60745,NA,NA,NA,1,NA,https://www.tripadvisor.com/Hotel_Review-g60745-d15641200-Reviews-Global_Luxury_Suites_at_Massachusetts_General-Boston_Massachusetts.html,NA,NA
15641204,Global Luxury Suites at Seaport,60745,60745,4.0,23,"Pool,Bar/Lounge,Free High Speed Internet (WiFi),Fitness Center with Gym / Workout Room,Business Center with Internet Access,Pets Allowed ( Dog / Pet Friendly ),Kitchenette,Suites",1,NA,https://www.tripadvisor.com/Hotel_Review-g60745-d15641204-Reviews-Global_Luxury_Suites_at_Seaport-Boston_Massachusetts.html,NA,NA
15810825,Global Luxury Suites at South Boston,60745,60745,NA,NA,NA,1,NA,https://www.tripadvisor.com/Hotel_Review-g60745-d15810825-Reviews-Global_Luxury_Suites_at_South_Boston-Boston_Massachusetts.html,NA,NA
15641127,Global Luxury Suites at The Financial District,60745,60745,3.5,240,"Bar/Lounge,Free High Speed Internet (WiFi),Fitness Center with Gym / Workout Room,Pets Allowed ( Dog / Pet Friendly ),Kitchenette,Suites",1,NA,https://www.tripadvisor.com/Hotel_Review-g60745-d15641127-Reviews-Global_Luxury_Suites_at_The_Financial_District-Boston_Massachusetts.html,NA,NA
15641102,Global Luxury Suites at The Theatre District,60745,60745,NA,NA,NA,1,NA,https://www.tripadvisor.com/Hotel_Review-g60745-d15641102-Reviews-Global_Luxury_Suites_at_The_Theatre_District-Boston_Massachusetts.html,NA,NA
15649221,Global Luxury Suites at West End,60745,60745,NA,NA,NA,1,NA,https://www.tripadvisor.com/Hotel_Review-g60745-d15649221-Reviews-Global_Luxury_Suites_at_West_End-Boston_Massachusetts.html,NA,NA
15641208,Global Luxury Suites in South End,60745,60745,4.0,585,"Pool,Free High Speed Internet (WiFi),Fitness Center with Gym / Workout Room,Business Center with Internet Access,Concierge,Pets Allowed ( Dog / Pet Friendly ),Self-Serve Laundry,Air conditioning,Microwave,Refrigerator in room,Kitchenette,Non-smoking rooms,Suites",1,0 reviews,https://www.tripadvisor.com/Hotel_Review-g60745-d15641208-Reviews-Global_Luxury_Suites_in_South_End-Boston_Massachusetts.html,NA,NA
15637104,284 Marlborough By Lyon Apartments,60745,60745,NA,NA,NA,1,NA,https://www.tripadvisor.com/Hotel_Review-g60745-d15637104-Reviews-284_Marlborough_By_Lyon_Apartments-Boston_Massachusetts.html,NA,NA
15521011,Pasadena B&B,60745,60745,NA,NA,NA,1,NA,https://www.tripadvisor.com/Hotel_Review-g60745-d15521011-Reviews-Pasadena_B_B-Boston_Massachusetts.html,NA,NA
15661091,Reggie's Place,60745,60745,NA,NA,NA,1,NA,https://www.tripadvisor.com/Hotel_Review-g60745-d15661091-Reviews-Reggie_s_Place-Boston_Massachusetts.html,NA,NA
16935735,South End Condos by Barsala,60745,60745,4.0,NA,NA,1,0 reviews,https://www.tripadvisor.com/Hotel_Review-g60745-d16935735-Reviews-South_End_Condos_by_Barsala-Boston_Massachusetts.html,NA,NA
